[
  {
    "name": "فرع بغداد / السعدون",
    "phone": "07703601632",
    "maps": "https://maps.google.com/maps?q=33.31575393676758%2C44.42230224609375&z=17&hl=en",
    "lat": 33.315754,
    "lng": 44.422302
  },
  {
    "name": "فرع بغداد / الكاظمية",
    "phone": "07719063157",
    "maps": "https://maps.google.com/maps?q=33.36936950683594%2C44.34339904785156&z=17&hl=en",
    "lat": 33.36937,
    "lng": 44.343399
  },
  {
    "name": "فرع نينوى",
    "phone": "07701645471",
    "maps": "https://maps.google.com/maps?q=36.342227935791016%2C43.13837814331055&z=17&hl=en",
    "lat": 36.342228,
    "lng": 43.138378
  }
]